Word	Type	Frequency
today	C	704
we	F	1120
are	F	1233
here	F	573
the	F	13447
investigatory	C	142
procedure	C	587
of	F	2357
theft	C	95
case	C	1405
number	C	867
i	F	3618
am	F	253
for	F	1917
as	F	625
an	F	747
interpreter	C	126
promise	C	130
to	F	6586
faithfully	C	123
and	F	3482
honestly	C	122
interpret	C	60
what	F	1643
is	F	3940
stated	C	161
in	F	2829
this	F	1604
court	C	1347
deliberately	C	111
making	C	125
false	C	124
interpretation	C	120
violation	C	139
perjury	C	122
will	F	1442
apply	C	132
defendant	C	913
your	F	3917
name	C	437
please	C	746
passport	C	189
ac44432189	X	41
mailing	C	245
address	C	275
you	F	10083
have	F	2549
following	C	43
rights	C	298
obligations	C	92
first	C	445
right	C	1220
remain	C	157
silent	C	167
do	F	2027
not	F	830
make	C	347
any	F	923
statement	C	238
against	F	219
second	C	189
a	F	2044
lawyer	C	344
if	F	940
come	C	391
from	F	446
low	C	199
income	C	269
family	C	244
medium	C	99
or	F	669
aborigine	C	126
meet	C	182
other	F	477
qualifications	C	108
set	C	243
by	F	399
law	C	180
may	C	508
ask	C	896
legal	C	135
assistance	C	161
third	C	94
investigate	C	427
evidence	C	524
which	F	356
help	C	471
with	F	1586
fully	C	187
understand	C	841
plaintiff	C	415
   is	X	1
my	F	1268
id	C	113
h228489212	X	45
5th	X	64
no	F	385
xue	C	12
fu	C	17
road	C	77
sanxia	C	37
district	C	74
new	C	89
taipei	C	143
city	C	141
incident	C	122
happened	C	447
on	F	1157
22nd	X	2
mr	C	43
anderson	C	48
took	C	336
umbrella	C	1261
ms	C	133
   	X	82
yingge	C	72
ceramics	C	83
museum	C	211
without	C	94
asking	C	42
permission	C	8
when	F	765
returned	C	32
found	C	379
that	F	4129
behavior	C	36
scene	C	10
therefore	C	177
filed	C	113
s	F	1684
would	C	397
like	C	242
details	C	109
day	C	634
explain	C	162
regarding	C	11
questions	C	250
prosecutor	C	245
later	C	84
about	F	630
where	F	234
were	F	227
at	F	1063
afternoon	C	14
27th	X	90
did	F	1088
see	C	215
chen	C	362
then	F	542
time	C	477
why	F	608
think	C	296
stole	C	63
her	F	585
mean	C	848
borrowed	C	42
was	F	1145
actually	C	36
adam	C	47
remember	C	70
color	C	105
shape	C	49
entire	C	3
blue	C	153
there	F	750
anyone	C	89
who	F	310
prove	C	105
said	C	262
perhaps	C	4
professor	C	44
those	F	88
two	C	285
classmates	C	37
can	F	1004
verify	C	53
true	C	65
ok	C	227
now	F	495
detail	C	32
could	C	214
elaborate	C	48
went	C	158
it	F	1416
raining	C	81
entered	C	32
put	C	111
rack	C	75
however	C	164
came	C	111
out	F	236
form	C	17
missing	C	14
asked	C	197
staff	C	34
me	F	314
find	C	150
but	F	287
saw	C	81
putting	C	3
back	C	367
he	F	1962
mine	C	32
very	F	164
angry	C	44
him	F	415
had	F	275
taken	C	36
how	F	501
feature	C	35
should	F	146
been	F	121
dark	C	34
show	C	111
page	C	187
five	C	38
file	C	171
one	C	344
belonging	C	8
yes	C	245
photo	C	34
common	C	41
people	C	116
buy	C	34
such	F	51
even	C	175
yours	F	54
button	C	45
little	C	48
broken	C	40
hard	C	12
buckle	C	6
up	F	187
terms	C	24
especially	C	30
talked	C	12
made	C	57
record	C	103
police	C	223
station	C	41
foreigner	C	121
also	C	257
be	F	623
proven	C	3
regrets	C	11
willing	C	68
apologize	C	71
forgive	C	70
after	F	580
all	F	264
missed	C	32
personality	C	2
totally	C	5
wet	C	16
got	C	107
home	C	105
don	F	368
t	F	998
want	C	818
subpoena	C	133
three	C	153
witnesses	C	53
testimony	C	1
next	C	298
date	C	146
june	C	106
19th	X	30
okay	C	222
decide	C	19
whether	C	60
mainly	C	58
fellows	C	1
doesn	F	62
matter	C	19
otherwise	C	9
take	C	315
leave	C	105
job	C	169
dismissed	C	36
parties	C	185
sign	C	58
records	C	12
translate	C	123
m	F	348
going	C	343
inform	C	140
statements	C	31
financial	C	109
status	C	112
falls	C	27
under	F	51
poverty	C	33
line	C	55
shiao	C	6
chien	C	39
floor	C	122
room	C	62
xuefu	C	28
paul	C	33
accused	C	173
stealing	C	31
action	C	35
wasn	F	8
aware	C	9
return	C	55
caught	C	24
she	F	644
decided	C	69
figure	C	10
answer	C	158
so	F	2226
question	C	128
both	F	386
15pm	X	5
say	C	150
belonged	C	14
classmate	C	20
whole	C	46
just	F	622
these	F	226
manage	C	2
further	F	111
inquire	C	12
state	C	102
gone	C	33
look	C	88
his	F	859
hand	C	28
didn	F	349
know	C	497
outside	C	42
someone	C	74
brought	C	67
guess	C	4
navy	C	2
picture	C	107
quite	C	36
normal	C	41
ones	C	3
sure	C	99
belongs	C	36
indeed	C	28
bought	C	53
bit	C	32
place	C	74
close	C	11
according	C	123
point	C	96
same	F	216
characteristics	C	6
consider	C	52
accept	C	31
apology	C	11
only	F	99
something	C	48
related	C	31
basic	C	16
ethics	C	7
wants	C	78
walk	C	8
pouring	C	4
rain	C	26
send	C	148
them	F	81
process	C	31
3pm	X	7
choose	C	36
basically	C	29
well	C	109
extra	C	32
off	F	70
end	C	112
null	C	288
ac4432189	X	1
obligation	C	37
xiao	C	36
qian	C	17
fifth	C	41
four	C	131
xuei	C	1
san	C	1
xia	C	1
twenty	C	30
seventh	C	10
ceramic	C	11
informed	C	6
tried	C	54
ll	F	55
happening	C	9
party	C	122
doing	F	29
pm	C	122
seven	C	33
miss	C	151
steal	C	24
belong	C	24
friend	C	60
kind	C	94
proved	C	5
verified	C	7
questioning	C	9
disappeared	C	7
staffs	C	2
yelled	C	3
tell	C	190
deep	C	15
many	C	115
convenient	C	15
stores	C	5
problem	C	63
locked	C	1
pretty	C	3
reconcile	C	6
settle	C	15
go	C	297
hime	C	3
witness	C	134
nineteenth	C	4
dismiss	C	13
hsao	C	3
5f	X	16
hsua	C	1
shan	F	1
hsai	C	1
suited	C	1
because	F	473
cheng	C	27
yinge	C	8
situation	C	144
purpose	C	84
plaintiss	C	1
borrow	C	6
words	C	49
mentioned	C	232
enter	C	5
really	C	131
inquired	C	1
reason	C	136
characteristic	C	11
check	C	193
everywhere	C	2
couldn	F	13
buckled	C	1
explained	C	21
called	C	28
regretful	C	8
possible	C	32
person	C	306
virtue	C	1
attend	C	15
inquiry	C	11
some	F	510
ends	C	34
before	F	135
investigation	C	39
fl	C	10
rd	C	59
dist	C	29
march	C	6
visiting	C	1
knowing	C	3
turn	C	9
files	C	19
lawsuit	C	32
clear	C	18
adan	C	3
told	C	71
they	F	311
into	F	151
noticed	C	23
lost	C	13
notice	C	12
lack	C	3
morality	C	7
specific	C	9
charateristics	C	1
broke	C	2
recognize	C	7
explanation	C	58
regret	C	13
issue	C	26
get	C	404
clarify	C	47
fine	C	39
welcome	C	3
      stealing   	X	1
 1425     	X	1
hsau	C	1
no132	X	1
ying	C	13
ge	C	13
give	C	166
sued	C	31
p	C	128
still	C	297
insist	C	11
type	C	8
innocent	C	1
friends	C	41
arrive	C	28
deliberate	C	4
gave	C	127
page5	X	5
pictures	C	3
store	C	31
sue	C	17
has	F	390
character	C	3
o	F	35
clock	C	26
number1425	X	6
robbery	C	2
qualified	C	1
qualification	C	22
plase	C	1
xiaoqian	C	21
sansia	C	1
taking	C	24
conscious	C	2
wanted	C	125
too	F	109
fifteen	C	12
memory	C	2
anybody	C	8
happen	C	31
hold	C	8
heavily	C	2
specialty	C	2
might	C	60
taiwan	C	652
convenience	C	18
cannot	C	64
together	C	80
office	C	5
features	C	10
points	C	1
saying	C	39
heavy	C	7
3p	X	3
won	F	44
waiver	C	2
telling	C	20
condition	C	23
guilty	C	2
need	C	135
us	C	158
left	C	9
thing	C	48
easily	C	8
reach	C	11
settlement	C	26
moral	C	18
maybe	C	25
needed	C	26
necessary	C	62
undertand	C	1
xuan	C	1
hen	C	3
xian	C	1
ne	C	1
incidient	C	1
notifying	C	6
spot	C	9
sides	C	15
27t	X	1
15p	X	3
wang	C	145
persons	C	5
mention	C	39
let	C	214
does	F	245
claim	C	7
easy	C	11
lock	C	2
part	C	80
mu	C	5
report	C	41
reported	C	22
specifics	C	1
sot	C	1
sense	C	7
public	C	4
norm	C	1
big	C	21
jun	C	1
re	F	121
cease	C	1
met	C	85
xie	C	1
visited	C	8
our	F	101
prosecutors	C	6
more	F	203
describe	C	36
front	C	51
door	C	8
angrily	C	3
specifically	C	10
document	C	16
plain	C	3
confirm	C	47
park	C	23
shared	C	51
depends	C	3
wouldn	F	23
adjourned	C	21
th3	X	1
ninth	C	15
hsiao	C	18
informing	C	8
returning	C	5
iunderstand	C	1
testify	C	2
believe	C	16
11convenient	X	1
work	C	194
sorry	C	5
bring	C	211
huge	C	3
teacher	C	213
shu	C	2
ai	C	18
keep	C	41
known	C	10
immediately	C	4
moment	C	8
result	C	49
size	C	2
wholly	C	2
hope	C	93
investingate	C	1
questioned	C	7
away	C	60
most	F	11
confirmed	C	7
bottom	C	9
order	C	47
ve	F	58
already	C	69
since	C	65
run	C	3
addition	C	55
dash	C	2
hundred	C	33
thirty	C	15
happens	C	5
try	C	35
innocence	C	3
briefly	C	4
helping	C	14
impolite	C	4
umbrellas	C	7
everybody	C	3
fold	C	2
special	C	30
regarded	C	4
wiliness	C	1
explanations	C	4
fellow	C	1
paper	C	12
unmbrellea	C	1
exact	C	9
agaginst	C	1
understanding	C	10
used	C	23
specificly	C	2
probably	C	6
anything	C	185
carrying	C	10
furious	C	4
empathy	C	3
marks	C	1
damage	C	8
opening	C	1
th	C	3
trait	C	6
deal	C	34
hadnt	C	1
must	C	17
walked	C	4
way	C	43
supoena	C	1
basicly	C	1
supeonas	C	1
hsio	C	3
rm	C	1
unknown	C	1
officer	C	10
meets	C	5
at3	X	1
manly	C	1
professors	C	3
siao	C	7
cian	C	12
addresses	C	1
xuefy	C	1
sanxua	C	1
defend	C	2
defendand	C	1
retunt	C	1
umberlla	C	1
main	C	51
always	C	80
deffendat	C	1
rememer	C	1
colore	C	1
truth	C	12
cour	C	2
imvestigate	C	1
rainy	C	22
track	C	4
exactly	C	21
everyone	C	14
flaws	C	1
tidily	C	1
described	C	2
july	C	6
arrangement	C	8
number132	X	4
yigge	C	2
move	C	56
musem	C	1
search	C	11
finally	C	2
defect	C	1
attached	C	2
closely	C	1
backed	C	1
regrettable	C	1
course	C	126
concerned	C	8
choice	C	10
preparing	C	15
truthfully	C	3
inter	C	1
applied	C	2
fall	C	7
below	F	8
shaw	C	1
chan	C	2
again	F	48
planned	C	14
pressed	C	3
charge	C	6
happ	C	1
side	C	48
ho	C	2
um	C	22
recall	C	2
vertify	C	2
description	C	3
suppose	C	2
book	C	33
evident	C	5
looks	C	2
yeah	C	3
function	C	3
knew	C	12
thought	C	29
held	C	9
welcomed	C	1
adders	C	1
room4	X	1
  road	X	14
picking	C	6
figured	C	1
may27th	X	1
fits	C	1
somebody	C	24
finished	C	70
exhibition	C	9
finding	C	4
foreigners	C	9
shares	C	1
sincerely	C	3
attitudes	C	2
sopeanas	C	1
june19th	X	1
documents	C	4
trial	C	47
shue	C	1
sansix	C	1
looked	C	8
over	F	39
above	F	17
foreign	C	83
coming	C	7
wanting	C	2
responsibility	C	4
traits	C	2
ordinary	C	20
possesses	C	1
cares	C	3
others	C	28
plantiff	C	20
trying	C	14
evening	C	6
general	C	1
locker	C	1
luck	C	1
carefully	C	2
june19	X	1
3clock	X	1
finish	C	143
signing	C	2
notify	C	17
middle	C	14
requirements	C	5
identification	C	3
inge	C	2
act	C	35
committed	C	13
beforehand	C	1
red	C	2
handed	C	3
goal	C	11
accordingly	C	2
able	C	20
wish	C	32
placed	C	4
realized	C	13
hands	C	22
emphasized	C	2
warrants	C	1
d	F	9
sanshia	C	2
its	F	11
owner	C	55
procedures	C	3
year	C	63
claimed	C	3
proof	C	12
play	C	5
role	C	30
else	C	40
entering	C	2
workers	C	73
young	C	21
man	C	65
loudly	C	1
conscience	C	4
symbols	C	1
purchased	C	1
wrong	C	21
clearly	C	11
moreover	C	25
apologized	C	2
showed	C	16
accidentally	C	1
hey	C	2
shows	C	13
assume	C	4
being	F	22
open	C	47
plus	C	9
during	F	24
including	C	4
paid	C	4
visit	C	39
consent	C	1
story	C	1
besides	C	86
personnel	C	1
commonly	C	1
assure	C	4
among	C	4
  theft       	X	1
   1425   	X	1
shao	C	1
realize	C	8
investifate	C	1
holding	C	3
pattern	C	2
ivestigatory	C	1
confrim	C	1
subpeona	C	1
incidence	C	1
takes	C	5
rained	C	3
working	C	64
regretted	C	4
plan	C	61
days	C	47
interpretor	C	1
r	C	6
7th	X	2
anymore	C	19
discovered	C	12
discover	C	3
done	C	17
file1	X	1
eleven	C	6
stolen	C	6
ya	C	1
piece	C	2
foreinger	C	1
subpena	C	1
option	C	1
free	C	4
read	C	23
4th	X	8
actual	C	1
fact	C	10
umm	C	73
while	F	15
shameful	C	1
supposed	C	16
script	C	22
signature	C	1
proceeding	C	59
25th	X	26
real	C	31
adjourn	C	1
intentionally	C	8
11th	X	1
accuser	C	318
original	C	15
belog	C	1
speak	C	20
curators	C	1
exhibit	C	28
damaged	C	6
item	C	2
apoliogizes	C	1
signed	C	5
thief	C	3
sold	C	2
every	C	53
closed	C	5
forget	C	2
pour	C	1
purjery	C	2
a444432189	X	1
der	C	2
prosecuted	C	26
involved	C	4
filled	C	2
surface	C	1
happend	C	1
confidence	C	2
push	C	15
important	C	4
humanity	C	1
ticket	C	1
available	C	11
anystatement	C	1
better	C	50
meant	C	34
particular	C	4
merely	C	10
regular	C	41
packed	C	1
properly	C	1
matched	C	2
believed	C	2
remorse	C	1
through	F	40
location	C	14
yingee	C	2
site	C	1
mrs	C	7
janitor	C	1
behave	C	1
anywhere	C	2
damages	C	1
around	C	26
guy	C	8
oh	C	10
00p	X	1
either	C	9
immoral	C	4
exbit1	X	1
problems	C	27
emphasize	C	3
officers	C	3
apologizes	C	3
forgiving	C	1
00pm	X	2
another	C	118
nor	F	1
chain	C	1
  	X	12
noticing	C	2
turned	C	7
suit	C	19
easier	C	1
happed	C	1
super	C	1
regretness	C	1
principle	C	2
merit	C	1
ever	C	40
  district	X	3
offices	C	1
mad	C	3
ideas	C	3
display	C	3
determine	C	3
appear	C	5
adultery	C	247
ac444432189	X	1
announce	C	3
behalf	C	9
wtill	C	1
ensure	C	1
feels	C	1
small	C	16
28th	X	1
witnessed	C	4
thanks	C	4
leava	C	1
judge	C	35
shaper	C	1
fix	C	3
sincerity	C	3
regression	C	1
means	C	67
subpoenas	C	3
chiang	C	4
series	C	3
seen	C	7
sympathy	C	1
seems	C	31
genuinely	C	1
students	C	3
proceedings	C	6
incidents	C	1
25f	X	2
based	C	27
afterwards	C	15
values	C	2
enterd	C	1
members	C	2
integrity	C	1
preparatory	C	158
delivering	C	2
talk	C	55
reply	C	4
full	C	39
weather	C	2
worker	C	171
heart	C	1
remembered	C	1
undertook	C	1
nest	C	1
stay	C	49
write	C	4
thus	C	6
charges	C	2
felt	C	4
selfish	C	1
5of	X	1
specially	C	1
whom	F	8
session	C	1
h	C	2
eight	C	26
nine	C	25
notification	C	3
focus	C	20
word	C	15
inside	C	25
faculty	C	1
crazy	C	1
different	C	5
match	C	5
things	C	31
completely	C	1
control	C	2
needs	C	28
ac44432186	X	1
meseum	C	1
17th	X	1
support	C	3
investigator	C	4
leaving	C	4
certainly	C	2
pardon	C	2
delibera	C	2
ugh	C	93
umbre	C	1
head	C	2
officials	C	2
several	C	43
times	C	30
wrapped	C	1
ways	C	6
alright	C	17
defen	C	1
attended	C	2
situ	C	1
toward	C	10
thank	C	15
section	C	37
sort	C	5
accuse	C	13
area	C	6
filing	C	8
morals	C	1
ac444463289	X	1
giving	C	12
 understand	X	1
fifteenth	C	8
own	F	26
chance	C	14
 r	X	1
major	C	7
finishing	C	9
investing	C	3
covered	C	1
rest	C	16
scrip	C	1
interpretations	C	2
h2284893212	X	1
present	C	6
few	F	43
ethically	C	1
irresponsible	C	1
buttons	C	2
fixed	C	21
qualities	C	1
shall	C	3
permit	C	1
live	C	221
responsibilities	C	4
speaking	C	9
advocate	C	1
good	C	50
abus	C	12
gashion	C	13
september	C	49
15th	X	34
helmet	C	82
motorcycle	C	148
numbered	C	1
kb405	X	15
international	C	72
taoyuan	C	72
airport	C	120
parking	C	91
lot	C	74
videotape	C	2
pick	C	32
terminal	C	10
cap	C	75
hat	C	32
9am	X	4
february	C	24
paying	C	4
money	C	44
fourth	C	14
aforementioned	C	2
silence	C	11
obey	C	3
mind	C	15
hire	C	51
layer	C	3
benifit	C	1
gucci	C	1
kcf  	X	1
victim	C	93
call	C	59
en	C	3
video	C	14
tape	C	4
test	C	2
ah	C	1
condamed	C	1
affirm	C	1
reaffirm	C	2
nobody	C	6
near	C	1
intention	C	15
goes	C	25
avaliable	C	1
violate	C	12
willingness	C	4
benefit	C	3
taiyuan	C	2
recording	C	4
ensured	C	1
picked	C	15
reconciliation	C	6
morning	C	11
everything	C	37
smoothly	C	2
use	C	31
building	C	10
reconciling	C	1
duties	C	4
sep	C	3
vcc	C	1
checked	C	97
advance	C	16
4pm	X	1
cks	C	4
feb	C	1
event	C	3
birthday	C	2
aboutyou	C	1
inspect	C	2
sir	C	3
septmber	C	1
15ththe	X	1
victims	C	1
policethey	C	1
monitor	C	2
commit	C	6
crime	C	102
somenody	C	1
worry	C	5
concession	C	3
comment	C	2
confess	C	1
grab	C	4
hurting	C	1
latter	C	3
smooth	C	1
accusation	C	2
love	C	92
isn	F	53
motorcycles	C	7
meeting	C	8
agree	C	40
floors	C	1
residence	C	1
secondly	C	2
republic	C	11
china	C	11
car	C	17
kb	C	2
polices	C	1
violating	C	6
procession	C	2
compensate	C	1
best	C	16
arrange	C	50
compensation	C	57
remind	C	2
betray	C	2
kb485	X	2
violent	C	2
violated	C	8
seeing	C	6
solve	C	13
payment	C	7
birthdate	C	1
understood	C	2
peace	C	4
proofs	C	1
national	C	5
due	C	7
con	C	3
each	F	100
      	X	13
passprt	C	1
ot	C	1
invest	C	2
taoyouan	C	1
ariport	C	1
male	C	11
mortorcyce	C	1
zero	C	1
victimthe	C	1
burglar	C	1
gates	C	1
appologise	C	1
bargin	C	1
helpyou	C	1
soo	C	1
bargining	C	1
febuary	C	1
fluently	C	7
information	C	56
acctable	C	1
sharply	C	1
sections	C	1
clues	C	2
bushion	C	1
internation	C	1
policethe	C	1
identified	C	2
looking	C	2
camera	C	2
dayplease	C	1
stuff	C	7
accusing	C	4
never	C	28
stuitable	C	1
living	C	92
cctvbecause	C	1
nottoday	C	1
doneyou	C	1
00a	X	1
resolve	C	1
forth	C	3
duty	C	3
force	C	16
department	C	2
appoint	C	4
successfully	C	27
appointment	C	2
naame	C	1
lawer	C	1
  international	X	1
inspector	C	1
aim	C	5
platform	C	11
cat	C	2
accusor	C	1
oclock	C	1
owener	C	1
proper	C	6
buliding	C	1
atter	C	1
attorney	C	13
investigated	C	9
motorbike	C	58
kb40	X	1
haven	F	8
pro	C	5
provided	C	57
lately	C	1
policeafter	C	1
cctv	C	39
crimes	C	1
fabuary	C	1
appropriate	C	24
privileges	C	1
advantaged	C	1
mister	C	2
thousand	C	32
down	F	15
build	C	1
ability	C	40
stepmebr	C	1
shown	C	5
body	C	18
sorted	C	1
sympathize	C	1
changed	C	6
suitable	C	34
dealing	C	11
defy	C	1
evaluate	C	14
license	C	3
pol	C	1
footage	C	1
conduct	C	1
simply	C	10
negotiate	C	5
between	F	279
accusant	C	1
surveillance	C	1
perform	C	1
clue	C	2
illegal	C	12
apologies	C	2
method	C	4
complement	C	1
kb45	X	1
supervisor	C	1
wanna	C	1
agreement	C	23
arranged	C	9
holder	C	1
4f	X	1
quiet	C	1
employ	C	1
kb450	X	1
nearby	C	1
hereby	C	1
beneficial	C	1
thoroughly	C	1
scooter	C	3
kc1f5	X	1
scanned	C	1
accepting	C	1
standard	C	2
idea	C	12
respond	C	3
occur	C	2
valid	C	2
hour	C	16
monetary	C	47
  room	X	1
follows	C	3
uh	C	11
space	C	13
raised	C	3
compense	C	2
pay	C	111
ended	C	57
child	C	318
rearing	C	112
arc	C	90
tsai	C	71
yun	C	22
shi	C	18
h280848918	X	17
chungshan	C	1
shilin	C	12
ferry	C	19
johnson	C	28
tasi	C	1
lawyers	C	27
positions	C	3
divorce	C	206
ongoing	C	1
verbal	C	26
attack	C	38
kid	C	8
capable	C	12
wife	C	232
suspected	C	17
daughter	C	485
sole	C	38
custody	C	254
care	C	62
jobs	C	87
estimate	C	6
much	C	77
month	C	68
canada	C	80
visitation	C	30
cut	C	15
tie	C	13
mother	C	79
argument	C	23
plea	C	73
recent	C	3
future	C	6
currently	C	15
husband	C	670
separated	C	20
six	C	43
months	C	184
divorcing	C	12
ago	C	72
far	C	33
hadn	F	4
lived	C	44
circumstances	C	23
son	C	78
marriage	C	156
fighting	C	12
old	C	104
years	C	196
moved	C	65
stayed	C	27
smaller	C	21
bigger	C	15
environment	C	48
objective	C	25
change	C	14
situations	C	9
stays	C	11
win	C	4
ten	C	26
stand	C	1
canadian	C	22
raise	C	47
house	C	103
offered	C	8
list	C	24
asset	C	25
earn	C	18
least	C	9
rear	C	16
settled	C	3
friday	C	25
faster	C	2
social	C	65
houses	C	8
account	C	2
interactions	C	5
decision	C	31
sahred	C	1
sometimes	C	53
father	C	20
shouldn	F	17
their	F	85
preparation	C	86
thirteen	C	14
chung	C	11
beside	C	23
doubt	C	52
lives	C	56
children	C	67
than	F	42
per	C	13
salary	C	4
recently	C	12
separate	C	9
seek	C	90
dicuss	C	1
hisband	C	2
bear	C	8
fit	C	2
finical	C	3
provide	C	31
courts	C	3
forty	C	16
revil	C	1
week	C	3
verdict	C	7
soon	C	16
evaluation	C	25
refer	C	3
share	C	14
sometime	C	7
resolution	C	2
shih	C	19
opinions	C	7
fight	C	23
longer	C	32
country	C	52
opinion	C	41
short	C	6
apart	C	9
long	C	78
sun	C	1
presently	C	1
originally	C	3
considering	C	6
circumstance	C	12
worse	C	7
borne	C	1
stable	C	75
anytime	C	6
environmental	C	4
given	C	31
sent	C	257
along	C	14
consideration	C	10
sharing	C	1
pass	C	3
port	C	1
sec	C	16
getting	C	24
having	F	56
strive	C	10
though	C	37
concerning	C	20
separating	C	1
opposite	C	1
position	C	19
aren	F	6
moving	C	25
environmentally	C	1
pregnant	C	6
birth	C	5
granted	C	25
grow	C	12
wage	C	4
thousands	C	2
evaluations	C	3
separately	C	4
reference	C	4
definition	C	2
period	C	55
opportunities	C	2
and   	X	3
yourself	F	16
although	C	20
hasn	F	2
suspect	C	52
personal	C	20
yu	C	84
hometown	C	2
steady	C	10
afford	C	5
arising	C	1
expenditure	C	1
dollars	C	98
sentence	C	121
express	C	20
reports	C	5
keeping	C	1
cai	C	23
zhongcheng	C	8
lin	C	14
reasons	C	48
understandings	C	1
raising	C	11
calculate	C	2
transform	C	1
separation	C	1
half	C	1
current	C	10
sill	C	1
imagine	C	1
cover	C	1
growth	C	1
lists	C	1
nt	C	8
stage	C	1
examined	C	2
defined	C	1
firstly	C	5
changes	C	3
thoughts	C	9
zhongzheng	C	12
avoid	C	9
attacking	C	1
defense	C	2
concerns	C	7
talking	C	19
worked	C	22
enough	C	7
spent	C	8
endure	C	1
furthermore	C	13
expense	C	1
earlier	C	7
accompanying	C	2
schedule	C	4
opportunity	C	3
passort	C	1
hung	C	2
shin	C	8
xong	C	1
east	C	1
viewpoints	C	1
undergoing	C	2
urged	C	1
amount	C	13
conservatively	C	1
forever	C	3
become	C	14
isolate	C	1
born	C	1
effort	C	5
high	C	26
possibility	C	8
fee	C	1
progress	C	6
concern	C	14
examine	C	17
domestic	C	1
rc087828118	X	2
ac204891874	X	3
chiai	C	2
yon	C	1
view	C	2
comes	C	8
receive	C	39
upon	C	5
ex	C	4
alone	C	3
parent	C	2
privilege	C	1
nowtherefore	C	1
gain	C	5
expect	C	3
moth	C	1
moths	C	3
yeas	C	1
cutosty	C	1
strike	C	2
youthey	C	1
childand	C	1
evaluationsbefore	C	1
started	C	53
results	C	3
proceed	C	4
aiming	C	1
aims	C	1
knows	C	6
feel	C	17
possibly	C	3
count	C	5
counted	C	2
ties	C	3
accommodation	C	3
striving	C	2
improved	C	1
yet	C	7
borned	C	1
pain	C	1
owned	C	1
approximately	C	6
trail	C	14
accompany	C	2
afterward	C	1
themselves	F	2
matrimonial	C	2
wonder	C	11
regularly	C	6
engage	C	1
manbased	C	1
total	C	4
argue	C	4
absolutely	C	1
nationality	C	1
y	F	1
interaction	C	17
deciding	C	1
joint	C	3
spend	C	12
resume	C	1
honor	C	11
fulltime	C	2
advantages	C	1
basis	C	1
degree	C	521
staying	C	11
apartment	C	4
baby	C	3
candadian	C	1
copy	C	2
decisions	C	2
roughly	C	1
relationship	C	266
shr	C	2
f5	X	2
jung	C	1
nt40000	X	1
fast	C	1
sees	C	1
term	C	8
rc08702018	X	1
zhongchen	C	1
terry	C	1
advantage	C	3
detailedly	C	2
guarantee	C	1
agreements	C	2
fist	C	2
previous	C	27
bearing	C	2
wan	C	12
concider	C	1
thinking	C	2
capability	C	1
relation	C	9
factors	C	1
chances	C	1
che	C	3
h208048918	X	1
5floor	X	1
childrenare	C	1
stances	C	2
doubted	C	4
outer	C	1
vest	C	1
precise	C	1
quickly	C	4
rather	C	10
yuin	C	1
doth	C	1
attention	C	2
thin	C	1
un	C	2
n	C	4
fore	C	2
base	C	3
daughters	C	7
estivation	C	1
estitation	C	1
err	C	4
de	C	2
arguing	C	1
yep	C	1
nothing	C	20
com	C	1
errr	C	1
seeking	C	18
offer	C	9
average	C	3
judgment	C	3
parents	C	3
solution	C	5
zhoncheng	C	1
refuse	C	5
lie	C	2
mom	C	6
girl	C	14
littler	C	1
hose	C	1
surroundings	C	1
arranges	C	5
assign	C	4
chungchen	C	1
region	C	1
yung	C	1
appointed	C	1
fitting	C	1
views	C	1
hear	C	3
official	C	1
doubts	C	11
received	C	16
equal	C	1
preventing	C	1
plans	C	3
reached	C	1
bore	C	1
citizen	C	1
estimated	C	3
sooner	C	2
considered	C	3
prior	C	2
entails	C	1
devised	C	1
shihling	C	1
madam	C	1
perspective	C	1
yourselves	F	1
planning	C	3
nature	C	1
once	F	11
former	C	10
pact	C	1
large	C	3
wished	C	3
lose	C	1
perfect	C	1
monthly	C	1
less	C	1
begin	C	16
sending	C	21
receiving	C	5
shihlin	C	4
hired	C	7
hopes	C	5
capacity	C	3
attacks	C	2
quarrel	C	24
investigates	C	1
formal	C	5
roof	C	1
suspicious	C	29
overview	C	1
evolve	C	4
accompanies	C	1
afraid	C	6
conditions	C	4
observation	C	2
arranging	C	1
zhong	C	6
suspend	C	1
places	C	3
respectively	C	1
dad	C	1
certain	C	13
identity	C	2
makes	C	15
unwilling	C	3
relative	C	1
instead	C	41
interact	C	3
cutting	C	2
parting	C	1
regardless	C	1
growing	C	1
works	C	26
towards	C	2
particularly	C	3
engaged	C	3
asks	C	5
intended	C	3
homeland	C	1
spending	C	1
relations	C	1
age	C	6
visits	C	1
narcotic	C	15
indictmen	C	1
december	C	108
tauruan	C	1
julio	C	22
jue	C	1
arrived	C	19
bag	C	383
golf	C	246
exam	C	3
level	C	29
roc	C	2
heroine	C	56
weight	C	6
kilogram	C	1
grams	C	15
prosecute	C	6
acts	C	1
drug	C	62
trafficking	C	28
flight	C	43
transfer	C	26
luggage	C	41
clubs	C	34
narcotics	C	63
kant	C	3
last	C	114
dollar	C	11
steps	C	2
contact	C	127
cell	C	228
phone	C	467
confiscate	C	3
tauyuan	C	1
tailand	C	3
gold	C	115
himself	F	32
trust	C	31
conned	C	15
seem	C	6
cooperate	C	22
add	C	35
except	C	9
concrete	C	25
detention	C	21
inducement	C	1
april	C	27
indictment	C	78
states	C	32
carry	C	42
drugs	C	19
bad	C	7
testing	C	7
weighed	C	3
depart	C	4
plane	C	12
carried	C	6
checking	C	7
cubs	C	1
kent	C	77
bringing	C	24
cellphone	C	133
confiscated	C	18
thailand	C	23
business	C	15
answered	C	28
detained	C	7
chosen	C	1
9th	X	32
40am	X	1
johansen	C	19
c	C	4
destination	C	6
trip	C	12
dis	C	2
club	C	9
usd	C	13
success	C	2
coned	C	2
trusting	C	1
selection	C	1
arrested	C	1
weighs	C	6
gram	C	7
classified	C	12
hidden	C	8
arriving	C	1
contacting	C	5
items	C	2
helps	C	1
ow	C	1
founded	C	1
eighty	C	3
hide	C	4
hers	F	1
accepted	C	4
pays	C	1
price	C	15
higher	C	5
cheated	C	4
trusted	C	7
helpful	C	3
families	C	5
sates	C	1
hid	C	5
airplane	C	4
u	C	9
succeed	C	1
questionable	C	1
evidnce	C	1
leagal	C	1
rules	C	2
confirmation	C	3
weighted	C	2
plead	C	10
destionation	C	1
mena	C	1
promised	C	9
phonies	C	1
task	C	1
break	C	1
content	C	169
tries	C	2
named	C	5
interview	C	1
gulf	C	22
examination	C	9
accusion	C	1
tour	C	1
1000usd	X	1
calls	C	57
calling	C	8
via	C	5
400usd	X	2
product	C	2
assigned	C	5
assport	C	1
numbern	C	1
suitcase	C	3
investigating	C	3
heroin	C	21
weigh	C	1
kilograms	C	3
charged	C	7
dif	C	1
connected	C	1
wondered	C	3
connect	C	3
hiding	C	3
bags	C	2
laws	C	2
viewed	C	1
heading	C	2
sticks	C	3
surname	C	3
correct	C	9
cause	C	2
hiring	C	9
investagory	C	2
luggageafter	C	1
rewards	C	1
premise	C	1
beginning	C	39
lied	C	1
gives	C	1
necessity	C	1
julian	C	1
hanson	C	1
dec	C	10
verification	C	4
taiwantherefore	C	1
lay	C	2
reward	C	1
transferred	C	2
step	C	3
touch	C	1
curious	C	26
value	C	2
amounts	C	1
accord	C	1
mission	C	1
1000us	X	1
assistant	C	2
golfbag	C	1
calssified	C	1
load	C	2
genuine	C	1
taiwwan	C	1
telephone	C	8
personally	C	1
us400	X	3
us1000	X	4
nag	C	1
herion	C	1
broght	C	2
individually	C	1
likely	C	1
conceived	C	1
expressed	C	6
sais	C	1
speaker	C	4
er	C	42
starting	C	3
journey	C	2
cost	C	1
cross	C	12
deceived	C	1
indicated	C	1
hair	C	1
sgainst	C	1
fc3114425	X	2
searched	C	4
testification	C	1
departure	C	3
departed	C	1
bangkok	C	5
violet	C	1
men	C	1
1380g	X	1
carryon	C	1
self	C	3
partner	C	90
lawyerwhen	C	1
temporarily	C	2
within	C	2
tested	C	1
transfers	C	1
faith	C	1
partners	C	10
replies	C	1
says	C	4
start	C	44
usd1000	X	1
handling	C	1
weren	F	2
collaborate	C	2
wishes	C	1
pleads	C	1
tawian	C	1
contained	C	2
constitute	C	23
client	C	9
poice	C	1
violates	C	2
conceive	C	1
detaintion	C	1
agains	C	2
nartocis	C	1
remail	C	1
stament	C	1
aborinine	C	1
examinations	C	1
pleat	C	2
hight	C	1
         	X	6
courst	C	1
airline	C	1
cooperation	C	3
top	C	1
assist	C	4
investigations	C	1
fly	C	2
request	C	10
spoke	C	1
hua	C	39
h284892843	X	19
xindian	C	12
county	C	2
cit	C	1
pleas	C	1
kb281849281	X	3
ad828918482	X	3
john	C	17
intimate	C	139
cram	C	383
school	C	425
messages	C	528
usually	C	32
tends	C	1
late	C	53
yen	C	42
telephoning	C	1
proves	C	2
coworker	C	68
beyond	C	89
suspects	C	4
committing	C	3
contents	C	46
married	C	225
abroad	C	23
teach	C	251
portuguese	C	238
past	C	41
teaching	C	230
continued	C	18
popular	C	31
language	C	65
learn	C	55
hours	C	64
unstable	C	12
english	C	430
tongue	C	43
decides	C	4
advanced	C	84
distance	C	70
learning	C	111
program	C	288
california	C	50
america	C	33
courses	C	104
finishes	C	6
master	C	221
united	C	28
woman	C	106
commits	C	2
colleagues	C	33
taiwanese	C	15
communicate	C	34
discuss	C	17
often	C	92
study	C	80
began	C	5
unusual	C	31
included	C	4
message	C	530
31st	X	10
november	C	22
0958932xxx	X	4
colleague	C	285
westernized	C	39
expressing	C	7
herself	F	7
class	C	44
misses	C	4
text	C	210
55pm	X	7
13rd	X	1
january	C	27
truly	C	28
together        	X	1
              	X	2
contexts	C	3
competence	C	42
culture	C	58
communication	C	73
assignments	C	96
chinese	C	272
translation	C	40
discussed	C	3
assignment	C	225
careful	C	1
answers	C	12
register	C	4
continue	C	10
fluent	C	9
serving	C	3
tutor	C	46
sleep	C	8
teaches	C	5
powen	C	1
background	C	15
writing	C	3
heard	C	64
actions	C	30
discussion	C	1
unemployment	C	1
wander	C	1
evidences	C	8
blame	C	1
completing	C	3
9pm	X	5
doubting	C	2
30pm	X	5
xi	C	1
tien	C	1
using	C	2
tele	C	31
conferencing	C	26
yian	C	11
night	C	47
gathered	C	2
co	C	183
sues	C	1
cases	C	2
increase	C	2
internet	C	27
project	C	3
affair	C	160
strange	C	21
appeared	C	6
oftenly	C	1
box	C	3
almost	C	26
everyday	C	8
inappropriate	C	15
context	C	21
previously	C	5
fifty	C	13
932xxx	X	5
education	C	11
western	C	3
style	C	2
expression	C	9
feeling	C	5
minded	C	28
worried	C	5
graduated	C	1
tesol	C	54
required	C	10
fourteen	C	3
sixteen	C	4
pages	C	5
trouble	C	5
graduate	C	7
registration	C	35
semester	C	67
improve	C	22
midnight	C	36
requirement	C	3
bo	C	9
yuan	C	12
hsin	C	1
dien	C	3
conference	C	6
collected	C	14
coworkers	C	17
    	X	7
constitutes	C	5
kids	C	20
taught	C	23
online	C	30
usa	C	17
distant	C	7
system	C	3
contains	C	4
dialed	C	2
hos	C	1
texted	C	22
nearly	C	3
suspectful	C	4
50pm	X	3
studied	C	9
opened	C	3
emotion	C	8
13th	X	15
studying	C	14
competent	C	1
righ	C	1
unhappy	C	14
registered	C	20
proceeded	C	1
despite	C	3
failing	C	1
texts	C	17
measures	C	1
persuade	C	21
quit	C	19
excuse	C	17
chungcheng	C	1
xingdien	C	1
research	C	1
marry	C	20
kept	C	18
american	C	11
mandarin	C	6
usual	C	7
educated	C	24
thirteenth	C	5
           	X	11
             	X	7
complete	C	40
sentences	C	23
bed	C	9
answering	C	3
boyuan	C	1
modify	C	1
doubtful	C	6
neccesarily	C	1
criminal	C	26
wha	C	3
no414	X	1
anderston	C	9
checks	C	1
chia	C	2
degrees	C	1
picks	C	3
affairs	C	8
intimated	C	1
31th	X	4
sender	C	14
expresses	C	4
feelings	C	7
meaning	C	24
55p	X	1
homework	C	64
cultural	C	26
translated	C	11
page14	X	2
12th	X	3
cia	C	6
uin	C	1
sopena	C	2
sends	C	10
encourage	C	1
wear	C	1
30p	X	4
yuhua	C	2
numver414	X	1
yan	C	28
constituted	C	5
countries	C	17
salaries	C	2
native	C	4
seeks	C	6
credits	C	18
gets	C	21
acceptable	C	2
unappropriated	C	1
ignore	C	1
xxx	C	2
twelve	C	2
behind	C	3
programs	C	4
kinds	C	2
translations	C	2
suing	C	2
unpleasant	C	5
played	C	5
sleeping	C	6
  cram	X	3
wu	C	1
academic	C	1
mobile	C	6
thinks	C	11
connects	C	1
finds	C	5
credit	C	2
teachers	C	11
frequently	C	7
face	C	1
confused	C	3
contacted	C	1
deliver	C	1
       	X	5
delivered	C	7
numbers	C	3
          	X	8
translating	C	9
satisfied	C	2
plays	C	6
delivers	C	1
activity	C	1
adultry	C	1
h284892848	X	1
chun	C	4
xin	C	4
di	C	2
initially	C	3
overtime	C	17
concluded	C	1
50p	X	1
emotional	C	1
tight	C	2
sthat	C	1
unsatisfactory	C	1
failed	C	13
po	C	3
persuaded	C	6
casue	C	1
h284892842	X	1
chong	C	3
relationships	C	12
chai	C	8
women	C	2
lasts	C	1
pursue	C	9
consequently	C	1
es	C	2
receives	C	2
local	C	3
aroused	C	1
curiosity	C	3
abnormal	C	2
texting	C	24
page13	X	2
pieces	C	2
massages	C	5
emotions	C	6
affections	C	2
simple	C	2
lines	C	3
mater	C	3
tem	C	1
sharpen	C	6
till	C	1
wrote	C	8
rouse	C	1
dian	C	4
zhia	C	9
talks	C	6
weird	C	12
iwhat	C	1
2012there	X	1
served	C	3
distric	C	1
bai	C	1
partnered	C	8
unproper	C	1
presented	C	1
meaningful	C	1
includes	C	8
zheng	C	2
defender	C	1
imitate	C	3
massage	C	2
teleconference	C	4
colleague   the	X	1
colleaguedo	C	1
portuguesehowever	C	1
diploma	C	2
nobecause	C	1
relating	C	1
became	C	4
tone	C	1
openso	C	1
fife	C	1
dominating	C	1
responses	C	2
woker	C	1
the  cram	X	1
plaintill	C	1
resign	C	5
posibility	C	1
defendent	C	2
reson	C	1
doubtfull	C	1
cout	C	1
attendence	C	1
zhen	C	1
xindien	C	1
stopped	C	2
seeked	C	1
obtain	C	6
require	C	4
issues	C	4
until	F	6
history	C	2
showing	C	6
        	X	7
cultures	C	1
languages	C	1
exercise	C	1
asleep	C	3
   also	X	1
chat	C	2
portugese	C	5
unite	C	1
classes	C	14
     	X	6
               	X	2
mid	C	2
excuses	C	6
affaire	C	1
sought	C	6
studies	C	1
hoped	C	6
directly	C	4
chatted	C	3
college	C	5
misunderstanding	C	3
fail	C	3
5flooe	X	1
tights	C	1
additional	C	2
acquainted	C	1
1or2	X	1
enable	C	1
combine	C	1
phonecall	C	1
doubtable	C	2
appears	C	3
nonmember	C	1
mined	C	1
polish	C	4
cjinese	C	1
diligent	C	1
handle	C	4
pursued	C	1
drop	C	4
jane	C	1
26th	X	1
huwa	C	2
aboriginal	C	2
press	C	4
workplace	C	1
net	C	1
subject	C	1
phones	C	10
serious	C	8
improper	C	2
smartphone	C	1
dated	C	2
nov	C	3
jan	C	2
        orz	X	1
include	C	3
friction	C	2
fraction	C	1
playing	C	5
mentor	C	2
sleeped	C	1
investi	C	2
h28489284	X	1
addres	C	1
  road  district	X	1
colleague   	X	2
famous	C	2
quietly	C	1
at23	X	1
translates	C	2
documentary	C	1
colleague   have	X	1
skills	C	1
periods	C	4
communicating	C	2
presence	C	1
messaged	C	3
vague	C	1
phrase	C	7
lessons	C	2
sufficient	C	1
somehow	C	4
completed	C	2
ofr	C	1
hu	C	1
speakers	C	1
hw	C	1
shoo	C	1
corporate	C	1
dealed	C	1
page13in	X	1
checkarte	C	1
westernialized	C	1
corporation	C	1
ti	C	2
certificate	C	4
lets	C	1
assingmnet	C	1
ofhelping	C	1
fights	C	1
mentionedwhen	C	1
stop	C	16
upgrade	C	1
chines	C	2
fallen	C	1
   still	X	1
subpoena   who	X	1
   to	X	2
defendants	C	2
mailbox	C	1
accuses	C	5
messaging	C	6
empty	C	12
obtains	C	1
masters	C	5
collegues	C	1
policy	C	2
inspected	C	1
copies	C	1
theirs	F	1
21st	X	14
requires	C	4
final	C	2
supposedly	C	1
exceed	C	3
response	C	4
arises	C	1
suspicion	C	3
example	C	5
prevalent	C	1
launched	C	1
flying	C	1
matters	C	1
skeptical	C	2
instant	C	1
allow	C	3
folder	C	2
whose	C	1
version	C	3
helped	C	2
equals	C	1
reasonable	C	5
conducted	C	1
wondering	C	2
conferencings	C	1
incomes	C	2
allowed	C	2
planed	C	1
partnering	C	2
extramarital	C	1
concept	C	4
implications	C	1
dose	C	1
perusing	C	1
pursuing	C	2
collogue	C	1
happy	C	7
participating	C	1
duration	C	2
dates	C	1
fell	C	2
enhance	C	3
purposes	C	3
interacted	C	1
ian	C	6
disagreements	C	1
wok	C	1
conferences	C	1
broad	C	2
achieved	C	2
achieve	C	5
doctor	C	10
innormal	C	1
happily	C	1
bothered	C	1
nr	C	1
xindiang	C	1
developed	C	1
encounter	C	1
constantly	C	5
extending	C	1
shift	C	4
   has	X	1
consisted	C	1
university	C	2
licensed	C	1
mistress	C	2
lengthening	C	2
practice	C	4
shifts	C	1
frond	C	1
phonebook	C	2
was   	X	1
huh	C	2
profra	C	1
gory	C	1
quarrels	C	9
chatting	C	1
clarity	C	1
single	C	3
westernised	C	1
communications	C	3
scenario	C	1
lasted	C	2
subpoenaed	C	2
wandering	C	1
facts	C	1
mostly	C	3
behaviour	C	1
causes	C	1
defamation	C	8
favorable	C	5
post	C	15
comments	C	25
forum	C	6
land	C	18
provides	C	2
criticize	C	4
company	C	52
reputation	C	7
summarize	C	1
activities	C	3
posts	C	9
employee	C	3
labor	C	9
benefits	C	1
visa	C	3
repost	C	1
posted	C	16
administrator	C	3
deleted	C	2
criticizing	C	1
posting	C	6
libeling	C	2
defame	C	2
defamed	C	2
bureau	C	5
application	C	3
articles	C	3
formally	C	3
treated	C	1
employees	C	2
illegally	C	1
names	C	7
intend	C	2
reject	C	1
collect	C	2
clients	C	2
dear	C	3
applies	C	1
august	C	16
orange	C	4
cards	C	2
1st	X	1
20th	X	1
thread	C	1
media	C	1
follow	C	1
criticized	C	2
admit	C	1
libeled	C	1
article	C	3
clarification	C	2
requested	C	1
libel	C	1
negotiated	C	1
uncooperative	C	1
troubles	C	1
14th	X	1
card	C	3
chatroom	C	1
exchange	C	1
feed	C	1
describes	C	1
written	C	5
welfare	C	1
applying	C	2
firsthand	C	1
informations	C	1
effect	C	3
delete	C	1
warning	C	1
violations	C	1
rule	C	2
caused	C	10
rumors	C	1
compromise	C	1
gathering	C	1
obtained	C	1
insistence	C	1
dependent	C	1
maintain	C	6
8th	X	7
intersection	C	6
daxue	C	1
plate	C	4
bl	C	3
ganyuan	C	3
clip	C	7
cars	C	1
forgot	C	3
remove	C	9
key	C	3
removed	C	2
mediation	C	4
consensus	C	1
letter	C	3
decribe	C	1
mark	C	3
alison	C	2
3rd	X	2
pleasant	C	1
bono	C	3
around  road	X	1
clips	C	31
ignition	C	1
substantiated	C	1
dropped	C	2
contract	C	3
warrant	C	1
gate	C	1
located	C	4
nation	C	1
invite	C	3
bro	C	1
da	C	7
gan	C	2
keys	C	1
returnthe	C	1
supo	C	1
supone	C	1
probono	C	1
han	C	35
h2248143957	X	20
renai	C	5
tsatus	C	1
cellphones	C	1
guys	C	1
confronted	C	1
horrible	C	1
west	C	1
worries	C	1
29th	X	16
accomplish	C	3
field	C	1
fulfill	C	1
presenting	C	2
unhappiness	C	2
diplomat	C	1
designed	C	1
rong	C	22
huang	C	35
convince	C	2
movement	C	3
24th	X	15
edward	C	25
papayashi	C	3
reaction	C	11
tended	C	1
teachs	C	1
stranger	C	1
evidence1	X	1
meanings	C	2
command	C	3
to16	X	1
browse	C	2
influent	C	2
rosecutor	C	1
ren	C	15
stat	C	1
takayashi	C	11
great	C	2
begging	C	1
tend	C	2
life	C	6
continual	C	1
ant	C	1
the   school	X	1
and   for	X	1
consists	C	1
none	C	2
student	C	1
leaning	C	2
replied	C	4
approve	C	2
colleges	C	1
sended	C	2
cused	C	1
gotten	C	1
ron	C	12
participate	C	1
conversation	C	3
primarily	C	1
waiting	C	1
distanced	C	1
earning	C	2
discoverer	C	1
private	C	1
dialing	C	1
submitted	C	2
log	C	1
westernize	C	1
yearlong	C	1
formed	C	1
summon	C	5
highly	C	8
unlikely	C	1
19f	X	6
zoner	C	1
suspecting	C	3
registering	C	1
mei	C	9
zong	C	1
taipe	C	1
umber	C	1
pledge	C	1
prepare	C	2
gradually	C	1
uhh	C	2
messengers	C	1
od	C	1
mentioning	C	1
moments	C	1
massagers	C	1
ad	C	1
sha	C	1
established	C	1
earned	C	2
mail	C	3
earth	C	2
   cram	X	4
fraud	C	1
num	C	3
twen	C	1
indi	C	1
ummis	C	1
called   	X	1
umm   	X	1
hot	C	1
busy	C	2
sounds	C	1
pic	C	1
youy	C	1
sisn	C	1
reallycared	C	1
pre	C	1
acted	C	1
gather	C	2
paparazzi	C	1
childrens	C	1
enjoy	C	1
dial	C	1
displayed	C	2
            	X	2
cultivate	C	1
typed	C	2
tiredness	C	1
hang	C	1
overworks	C	3
teleconferencing	C	1
believes	C	2
overwork	C	2
tutoring	C	1
   from	X	1
with   	X	1
overseas	C	1
completes	C	1
assisting	C	1
spring	C	1
reasonably	C	1
skill	C	1
intervene	C	1
fire	C	1
importantly	C	1
malining	C	1
nights	C	1
conferenced	C	1
switch	C	1
somewhat	C	1
events	C	1
ecidence	C	1
lesson	C	1
midnights	C	1
with   and	X	1
proposed	C	1
combination	C	1
loading	C	1
suspection	C	1
observed	C	1
phrases	C	1
aboard	C	1
combined	C	1
passionate	C	1
also   from   	X	1
investigat	C	1
the   cram	X	1
and   still	X	2
interaciton	C	1
civil	C	3
keeps	C	1
frequent	C	1
object	C	1
email	C	1
emails	C	1
messenger	C	1
mast	C	1
fish	C	1
remained	C	1
mi	C	1
kapayashi	C	1
worktime	C	1
x2	X	1
passed	C	1
inordinary	C	1
stuffs	C	2
writes	C	1
exercises	C	1
unpleasure	C	1
dubious	C	1
ac	C	1
proce	C	1
continues	C	1
on12	X	1
   and	X	1
jen	C	2
assiatance	C	1
protu	C	1
scores	C	1
lessens	C	1
unnormal	C	1
hasten	C	1
expressions	C	1
forward	C	6
accordance	C	1
continuing	C	1
sharper	C	1
homeroom	C	1
declined	C	1
ins	C	1
convinced	C	1
huan	C	1
suspective	C	1
thirdly	C	1
multiple	C	11
focusing	C	2
wedding	C	1
acquire	C	1
juicy	C	1
testimonies	C	1
rightful	C	1
justify	C	1
nineteen	C	1
defandant	C	1
collegue	C	1
prosedure	C	1
portguese	C	1
dominant	C	1
certainty	C	1
avanced	C	1
learnig	C	1
bachelor	C	2
books	C	2
seriors	C	1
exibit	C	2
roll	C	1
compete	C	1
regard	C	1
expiration	C	1
improving	C	1
serve	C	1
f	C	1
existed	C	1
lady	C	2
openly	C	1
meiermei	C	1
yuhan	C	2
weeks	C	1
sit	C	1
postgraduate	C	1
explains	C	1
noted	C	1
connotations	C	1
exist	C	1
competency	C	2
coursework	C	1
completion	C	1
tuition	C	1
conversations	C	1
starts	C	1
ill	C	2
18th	X	14
neighbor	C	15
physical	C	42
confrontation	C	45
banqiao	C	8
changjiang	C	8
hospital	C	19
injured	C	2
bruises	C	17
scratches	C	5
clause	C	3
neighborhood	C	8
slot	C	12
stairs	C	5
dinner	C	9
damin	C	1
chang	C	6
stock	C	1
disagree	C	2
slots	C	13
tightly	C	16
shoulder	C	15
strong	C	2
medical	C	7
lein	C	1
heh	C	1
injuries	C	14
girlfriend	C	20
preliminary	C	6
streets	C	1
sick	C	10
evolved	C	4
suffered	C	1
arms	C	8
decedent	C	1
committhe	C	1
usedin	C	1
parked	C	10
upstairs	C	6
downstairs	C	14
   was	X	1
blocked	C	5
disagreed	C	3
motorbikes	C	3
spaces	C	9
drawn	C	1
soyou	C	1
grabbed	C	11
handlebars	C	10
pushed	C	24
hospitalization	C	3
bodies	C	1
suffer	C	1
spotted	C	1
cameras	C	1
street	C	3
segment	C	2
toady	C	2
arm	C	7
window	C	4
community	C	20
release	C	1
lian	C	1
diagnosis	C	5
scratched	C	1
injury	C	4
precisely	C	5
film	C	14
alley	C	2
procedurally	C	2
diagnosed	C	1
stance	C	1
pose	C	1
encountered	C	1
removing	C	3
marked	C	1
stepped	C	4
grabbing	C	1
pushing	C	6
shoulders	C	2
union	C	1
pointed	C	1
cctvs	C	4
extract	C	1
examining	C	1
absent	C	2
sickness	C	1
steven	C	3
knocks	C	3
changjinag	C	1
banchiao	C	1
becomes	C	2
accident	C	1
parts	C	2
understands	C	1
removal	C	1
upstair	C	1
downstair	C	1
ming	C	4
whenever	C	2
blocks	C	1
hit	C	2
bar	C	3
letting	C	1
therapy	C	1
  hospital	X	2
contusions	C	1
stair	C	4
primary	C	1
comm	C	1
assault	C	2
deliberating	C	1
assistances	C	2
absence	C	1
6th	X	2
detected	C	1
prosecuter	C	1
min	C	1
blocking	C	3
society	C	1
accurate	C	3
handlebar	C	5
bruise	C	1
filmed	C	1
monitors	C	1
retrieve	C	2
harm	C	1
respect	C	1
identical	C	1
parks	C	1
wherever	C	1
block	C	2
photos	C	1
treatment	C	1
capital	C	2
timing	C	3
singing	C	1
arguments	C	4
doctors	C	1
pull	C	1
tenth	C	1
attacked	C	1
48th	X	1
receipt	C	1
quarre	C	1
retrieving	C	1
sixth	C	1
sever	C	1
bruised	C	1
hurt	C	1
reflect	C	1
leads	C	2
alike	C	1
grabs	C	2
indicate	C	1
diagnose	C	1
preliminarily	C	1
obstacle	C	1
line10	X	1
hurts	C	1
expresser	C	19
kelly	C	5
h228914891	X	4
fuxing	C	4
represent	C	2
myself	F	1
pther	C	1
gap	C	9
sogo	C	5
shopping	C	1
breeze	C	5
plaza	C	5
merchandise	C	2
wat	C	2
begins	C	2
exhausted	C	1
france	C	2
french	C	7
holidays	C	4
occasions	C	4
barrier	C	3
conflicts	C	4
tired	C	8
middleman	C	4
mental	C	4
pysical	C	1
oroblem	C	1
illness	C	3
psychiatry	C	3
generally	C	4
couples	C	4
consultant	C	1
counselor	C	13
responsiblele	C	1
marital	C	7
suggest	C	7
counseling	C	16
couple	C	3
counsel	C	2
wait	C	3
minute	C	3
exboyfrien	C	1
boyfriend	C	5
mood	C	4
acception	C	1
scandal	C	4
treat	C	2
badly	C	1
stereotype	C	1
insecurity	C	1
wnat	C	2
foundation	C	2
center	C	5
accpet	C	1
counsleing	C	1
solved	C	1
marrigae	C	1
taht	C	1
interpreting	C	1
aic	C	3
kerry	C	2
lee	C	2
kim	C	1
lawrence	C	2
disagrees	C	1
ages	C	1
about30	X	1
instance	C	1
futher	C	1
weak	C	1
barriers	C	1
ing	C	2
bother	C	1
factor	C	3
difficulties	C	1
exception	C	2
unfriendly	C	2
material	C	1
suggestion	C	2
unsafe	C	1
understandable	C	1
sad	C	2
expand	C	1
alder	C	1
belief	C	1
temporary	C	1
difficult	C	3
respondent	C	11
expressers	C	1
tohave	C	1
caring	C	2
neither	C	1
lots	C	1
whatdid	C	1
psychologist	C	2
jhonor	C	1
opinios	C	1
distinct	C	1
friendly	C	1
eachother	C	1
attitude	C	1
healthy	C	1
basement	C	1
marraige	C	1
respondant	C	2
tim	C	1
dating	C	1
pur	C	1
difficulty	C	1
afterwe	C	1
negotaition	C	1
patters	C	1
mian	C	1
procsee	C	1
llness	C	1
psychologists	C	1
cae	C	1
bbf	C	1
definitely	C	1
vent	C	1
venting	C	1
sex	C	1
likethis	C	1
throw	C	1
repondantwho	C	1
traveled	C	1
unsecurity	C	1
upset	C	1
someine	C	1
vnet	C	1
cam	C	1
couseling	C	1
useless	C	1
advise	C	1
falling	C	1
procee	C	1
deeply	C	1
ching	C	1
standpoint	C	2
indirectly	C	1
negotiation	C	1
